[
  {
    "id": "46933b16-535f-4ced-bffc-8f35cd758631",
    "data": [
      {
        "text": "I want to check my order status",
        "userDefined": false
      }
    ],
    "isTemplate": false,
    "count": 1,
    "lang": "en",
    "updated": 0
  },
  {
    "id": "5568de62-07a8-4dce-b80a-fb4381e801e7",
    "data": [
      {
        "text": "I want to check my order status.",
        "userDefined": false
      }
    ],
    "isTemplate": false,
    "count": 0,
    "lang": "en",
    "updated": 0
  }
]