[
  {
    "id": "4201cf9a-95c8-4278-91a8-89e2aea0124b",
    "data": [
      {
        "text": "My order ID is ",
        "userDefined": false
      },
      {
        "text": "13253",
        "meta": "@sys.number",
        "alias": "orderID",
        "userDefined": false
      }
    ],
    "isTemplate": false,
    "count": 0,
    "lang": "en",
    "updated": 0
  },
  {
    "id": "b2f0b303-3a0a-4980-809e-0c27b4b51b90",
    "data": [
      {
        "text": "My order ID is ",
        "userDefined": false
      },
      {
        "text": "31",
        "meta": "@sys.number",
        "alias": "orderID",
        "userDefined": false
      }
    ],
    "isTemplate": false,
    "count": 0,
    "lang": "en",
    "updated": 0
  },
  {
    "id": "a125af33-3f68-4510-9c15-e9673113b47b",
    "data": [
      {
        "text": "My order ID is ",
        "userDefined": false
      },
      {
        "text": "121",
        "meta": "@sys.number",
        "alias": "orderID",
        "userDefined": false
      }
    ],
    "isTemplate": false,
    "count": 0,
    "lang": "en",
    "updated": 0
  },
  {
    "id": "4acb0878-8cac-46ce-a98e-b302245d3691",
    "data": [
      {
        "text": "My order ID is ",
        "userDefined": false
      },
      {
        "text": "31313",
        "meta": "@sys.number",
        "alias": "orderID",
        "userDefined": true
      }
    ],
    "isTemplate": false,
    "count": 0,
    "lang": "en",
    "updated": 0
  }
]