[
  {
    "id": "8ed2fbc8-ad2a-4b40-b3c9-29c743f4bde6",
    "data": [
      {
        "text": "Thanks!",
        "userDefined": false
      }
    ],
    "isTemplate": false,
    "count": 0,
    "lang": "en",
    "updated": 0
  },
  {
    "id": "f419c324-1c5b-48d1-9e4a-1d84f6231824",
    "data": [
      {
        "text": "Thanks",
        "userDefined": false
      }
    ],
    "isTemplate": false,
    "count": 0,
    "lang": "en",
    "updated": 0
  },
  {
    "id": "859683ff-e15e-4d8e-a775-864c614118eb",
    "data": [
      {
        "text": "Thank you",
        "userDefined": false
      }
    ],
    "isTemplate": false,
    "count": 0,
    "lang": "en",
    "updated": 0
  },
  {
    "id": "76def3ff-3d86-4cf9-ac4c-e18d3a756aa5",
    "data": [
      {
        "text": "Thank you!",
        "userDefined": false
      }
    ],
    "isTemplate": false,
    "count": 0,
    "lang": "en",
    "updated": 0
  }
]