[
  {
    "value": "1",
    "synonyms": [
      "1"
    ]
  },
  {
    "value": "13131",
    "synonyms": [
      "13131"
    ]
  },
  {
    "value": "31313",
    "synonyms": [
      "31313"
    ]
  },
  {
    "value": "231",
    "synonyms": [
      "231"
    ]
  },
  {
    "value": "3535",
    "synonyms": [
      "3535"
    ]
  },
  {
    "value": "1453",
    "synonyms": [
      "1453"
    ]
  },
  {
    "value": "344324",
    "synonyms": [
      "344324"
    ]
  },
  {
    "value": "43245424",
    "synonyms": [
      "43245424"
    ]
  },
  {
    "value": "432266",
    "synonyms": [
      "432266"
    ]
  },
  {
    "value": "7544",
    "synonyms": [
      "7544"
    ]
  }
]